record_id,pipeline42_verdict,pipeline42_action,key_finding,evidence
DV-01,YELLOW,VERIFY,Franchise/local purchasing scope and contact route are unverified,"ListForge names Asha Morales as Director of Franchise Development on the Grain and Berry - Missouri City location record; main phone (346) 647-5037, ContactPhone (727) 771-7794, and website grainandberry.com/locations/missouri-city. Apollo repeats the main phone/site and title. The data do not establish that Asha handles purchasing for this outlet; area-code difference alone is not evidence of a wrong number."
DV-02,GREEN,USE,Strongest supplied person-level match; use phone-first and confirm role,"ListForge and Apollo identify Chris Tocci as Owner / Wine Director at La Griglia. ContactPhone matches the local business line: (713) 526-4700; website www.lagrigliarestaurant.com. The exports agree, but the current role and phone pickup have not been independently verified."
DV-03,RED,FIX,Toast/platform enrichment appears attached to the restaurant record,"BusinessName is Ostioneria 59, while Website is order.toasttab.com/online/ostioneria-59, Email1 is info@order.toasttab.com, CompanyLinkedIn points to Toast Inc, Industry is Software Development, EmployeeCount is 7,766, and RevenueRange is 5B. Correct the entity-level website/email/industry/firmographics before automated use. No named contact is supplied; local phone (713) 835-7430 is not proven wrong, so retain the restaurant as a possible account."
DV-04,YELLOW,VERIFY,Shared owner/contact across two location records; scope is unresolved,"The Chef's Table is listed at 110 Vintage Park Blvd Bldg J Suite P, with main phone (832) 559-7489 and Julie Ellis as Owner. The same ContactLinkedIn and ContactPhone (781) 826-3320 appear on DV-09, a separately named/addressed Chef's Table location with a different main phone. This could be legitimate multi-location ownership; it is not proof of a duplicate or error."
DV-05,YELLOW,USE,Account-level phone lead only; no named person or role is supplied,"ListForge names BunSlut and supplies an operational listing, website www.eatbunslut.com, and main phone (346) 781-2155; Apollo repeats the main phone/site. No ContactName, ContactTitle, ContactPhone, or named profile is supplied. Use only to identify the operator/buyer by phone; do not personalize to an unnamed person."
DV-06,YELLOW,VERIFY,The supplied email is not established as Matthew Stowe's sales route,"ListForge names Matthew Stowe as Executive Director of Culinary at JOEY Uptown; Apollo repeats the name/title. Main phone is (346) 646-5639; ContactPhone is (604) 699-5639; ScrapedEmail1 and Apollo Email are accessibility@joeyrestaurants.com. The mailbox is not established as Matthew's prospecting route. Area-code difference alone is not proof of error."
DV-07,YELLOW,VERIFY,Regional remit and contact route for the Stafford location are unresolved,"ListForge names Brian Palko as Regional Operations Director on the Lazy Dog Restaurant & Bar record for 12223 Southwest Fwy, Stafford. Main phone is (281) 982-1470; ContactPhone is (714) 596-9960; the website is a Stafford location page. The data do not establish that his remit covers Stafford or that the separate number reaches him; area-code difference alone is not proof of error."
DV-08,RED,VERIFY,Marriott parent-level enrichment appears on a local dining-outlet record; purchasing boundary is unclear,"BusinessName is Main Kitchen & 806 Lounge at 806 Main St. Website is a Marriott dining page; Email1 is info@marriott.com; CompanyLinkedIn points to Marriott International; EmployeeCount is 240,253 and RevenueRange is 10B+. Afaf Drief is listed as Director of Human Resources. Verify the operating/purchasing entity and whether Afaf is involved for the actual offer; do not treat the HR title as definitively wrong without offer context."
DV-09,YELLOW,VERIFY,Shared owner/contact across two location records; scope is unresolved,"The Chef's Table River Oaks is listed at 2055 Westheimer Rd #180, with main phone (346) 556-1894 and Julie Ellis as Owner. The same ContactLinkedIn and ContactPhone (781) 826-3320 appear on DV-04 at a different address/main phone. Shared ownership is plausible, not proven; verify this outlet, Julie's scope, and the route before merging or sequencing."
DV-10,YELLOW,VERIFY,The toll-free contact number may be a general route, not a direct line,"ListForge names Sean Savage as Facilities Director on a Chili's Grill & Bar record for 5788 Hwy 6, Missouri City. Local main phone is (281) 499-0227; ContactPhone is (800) 983-4637; ScrapedEmail1/Apollo Email is C00752@chilis.com. The route and current role are unverified; role relevance depends on the actual offer."
