First Name,Last Name,Title,Company Name,Email,Phone,Stage,Person Linkedin Url,Company Website,City,State
,,-,Mamajuana Cafe,Mamajuanawb@gmail.com,(346) 603-5615,Warm,-,https://mamajuanacafehouston.com/,Houston,TX
Ashley Reynolds,,Director of Marketing,Layne's Chicken Fingers - Missouri City,-,(713) 489-8529,Warm,https://www.linkedin.com/in/ashley-reynolds-957a3151,https://www.layneschickenfingers.com/locations,Missouri City,TX
Clare Jeong,,Director Talent Development,Wingstop,helpdesk@wingstop.com,(281) 403-9464,Warm,https://www.linkedin.com/in/clare-jeong,https://www.wingstop.com/location/wingstop-501-missouri-city-tx-77489/menu?y_source=1_NTUyMDc1MTQtNzE1LWxvY2F0aW9uLndlYnNpdGU%3D,Missouri City,TX
Judith Piotrowski,,Director of Outlets,Tipping Point Restaurant and Terrace,-,(713) 986-9800,Warm,https://www.linkedin.com/in/judith-piotrowski-0ba9322b,https://www.hotelzaza.com/houston-memorial-city/dining/tipping-point-restaurant-terrace?utm_source=google&utm_medium=Local+Search&utm_campaign=Google+My+Business,Houston,TX
Chris Milton,,Owner,The Toasted Yolk Cafe,-,(346) 816-6266,Warm,https://www.linkedin.com/in/chris-milton-aab3b871,https://thetoastedyolk.com/locations/missouri-city-tx/,Missouri City,TX
Julie Ellis,,Owner,The Chef's Table River Oaks,-,(346) 556-1894,Warm,https://www.linkedin.com/in/julie-ellis-3513b15,https://www.chefstablehouston.com/,Houston,TX
,,-,Gotti's Restaurant,-,(713) 405-3500,Warm,-,https://www.gottis.com/,Houston,TX
,,-,The Finn,-,(713) 357-5115,Warm,-,https://www.thefinnhou.com/,Houston,TX
,,-,Vic & Anthony's Steakhouse,-,(713) 228-1111,Warm,-,https://www.vicandanthonys.com/location/houston/,Houston,TX
,,-,The Domain Houston,domainhouston@gmail.com,(832) 986-8987,Warm,-,https://thedomainrestaurantandlounge.com/,Houston,TX
,,-,BunSlut,-,(346) 781-2155,Warm,-,https://www.eatbunslut.com/,Missouri City,TX
Judith Piotrowski,,Director of Outlets,Monarch,-,(713) 527-1800,Warm,https://www.linkedin.com/in/judith-piotrowski-0ba9322b,https://www.hotelzaza.com/houston-museum-district/dining/monarch?utm_source=google&utm_medium=Local+Search&utm_campaign=Google+My+Business,Houston,TX
,,-,El Pueblito Patio,-,(713) 520-6635,Warm,-,https://elpueblitotogo.com/,Houston,TX
,,-,Granger's Restaurant & Bar,cheryl@grangershouston.com,(713) 529-1443,Warm,-,https://grangershouston.com/,Houston,TX
,,-,Aquarium Restaurant,-,(713) 315-5126,Warm,-,https://www.downtownaquariumhouston.com/aquarium-restaurant,Houston,TX
Chris Tocci,,Owner / Wine Director,La Griglia,-,(713) 526-4700,Warm,https://www.linkedin.com/in/chris-tocci-10396b49,https://www.lagrigliarestaurant.com/location/la-griglia/,Houston,TX
,,-,Hudson House,-,(832) 648-3210,Warm,-,https://www.hudsonhouse.com/,Houston,TX
,,-,Say No Mas,-,(713) 485-6349,Warm,-,https://saynomashtx.com/,Houston,TX
,,-,Cafe Petra Greek & Lebanese Restaurant,cafepetrapl@gmail.com,(281) 974-1032,Warm,-,https://pearland.cafe-petra.com/,Houston,TX
,,-,Tempo,hello@whatsthetempo.com,(281) 978-3676,Warm,-,https://whatsthetempo.com/,Houston,TX
Aki Yamaguchi,,Chief Operations Officer,Gyu-Kaku Japanese BBQ,-,(832) 886-4329,Warm,https://www.linkedin.com/in/aki-yamaguchi-4b29079,https://www.gyu-kaku.com/sugar-land/,Sugar Land,TX
,,-,Good Times,-,(832) 804-7255,Warm,-,https://houstongoodtimes.com/,Houston,TX
,,-,Midnight Kabob and Seafood,-,(713) 271-1082,Warm,-,https://www.midnightbbqandseafood.com/,Houston,TX
Asha Morales,,Director of Franchise Development,Grain and Berry - Missouri City,-,(346) 647-5037,Warm,https://www.linkedin.com/in/asha-morales-78543119,https://grainandberry.com/locations/missouri-city,Missouri City,TX
Sean Savage,,Facilities Director,Chili's Grill & Bar,C00752@chilis.com,(281) 499-0227,Warm,https://www.linkedin.com/in/sean-savage-b345a6170,https://www.chilis.com/locations/us/texas/missouri-city/missouri-city?utm_source=google&utm_medium=local&utm_campaign=Chilis,Missouri City,TX
Julie Ellis,,Owner,The Chef's Table,-,(832) 559-7489,Warm,https://www.linkedin.com/in/julie-ellis-3513b15,https://www.chefstablehouston.com/,Houston,TX
,,-,Kiss,-,(281) 974-1759,Warm,-,https://kissrestaurant.com/,Houston,TX
,,-,Oliver's Gourmet,-,(281) 746-9723,Warm,-,https://oliversgourmet.com/,Missouri City,TX
,,-,Ostioneria 59,-,(713) 835-7430,Warm,-,https://order.toasttab.com/online/ostioneria-59,Houston,TX
,,-,Brenner's on the Bayou,-,(713) 868-4444,Warm,-,https://www.brennerssteakhouse.com/location/brenners-on-the-bayou/,Houston,TX
Matthew Stowe,,Executive Director of Culinary,JOEY Uptown,accessibility@joeyrestaurants.com,(346) 646-5639,Warm,https://www.linkedin.com/in/matthew-stowe-0029a434,https://joeyrestaurants.com/location/joey-uptown,Houston,TX
,,-,Lost & Found,-,(832) 649-3046,Warm,-,https://www.lostandfoundmidtown.com/,Houston,TX
,,-,Taste Kitchen + Bar - Sugar Land,info@tastedowntownhtx.com,(281) 206-0186,Warm,-,https://www.tastedowntownhtx.com/menu,Sugar Land,TX
Anthony Marchisello,,Director of VIP Client Experience,Moxies Houston Restaurant,-,(346) 571-6164,Warm,https://www.linkedin.com/in/anthony-marchisello-b802ab125,https://moxies.com/restaurants/houston?utm_source=GMB&utm_medium=google-location-listing&utm_campaign=organic,Houston,TX
Afaf Drief,,Director of Human Resources,Main Kitchen & 806 Lounge,-,(713) 237-1111,Warm,https://www.linkedin.com/in/afaf-drief-02558513,https://www.marriott.com/en-us/hotels/houdj-jw-marriott-houston-downtown/dining/,Houston,TX
,,-,Barbar Mediterranean Grill,-,(832) 308-8437,Warm,-,https://barbarhouston.com/,Houston,TX
,,-,Lucille's,-,(713) 568-2505,Warm,-,https://www.lucilleshouston.net/,Houston,TX
Marcus Gausepohl,,Wine Director,Brennan's Houston,-,(713) 522-9711,Warm,https://www.linkedin.com/in/marcus-gausepohl-099b6683,https://www.brennanshouston.com/,Houston,TX
,,-,Josephine's,-,(713) 527-8988,Warm,-,https://josephinesgulfcoasttradition.com/,Houston,TX
,,-,Tequila 45 mexican restaurant,info@tequila-45.com,(713) 814-8118,Warm,-,https://tequila-45.com/,Houston,TX
,,-,Dave's Hot Chicken,-,(832) 987-4799,Warm,-,https://restaurants.daveshotchicken.com/tx/missouri-city/6324-s-hwy-6-1052?utm_campaign=google_maps&utm_medium=organic&utm_source=google&utm_content=website&utm_term=1052,Missouri City,TX
,,-,Happy Crab,-,(832) 539-1619,Warm,-,https://happycrabmissouricity.com/,Missouri City,TX
,,-,Victory,-,(832) 891-3909,Warm,-,https://www.victoryhoustontx.com/,Houston,TX
,,-,Taste Kitchen + Bar,info@tastedowntownhtx.com,(713) 485-5803,Warm,-,https://www.tastedowntownhtx.com/,Houston,TX
,,-,Lem's Kitchen & Lounge,leeannta1984@gmail.com,(281) 529-6751,Warm,-,https://lemkitchenlounge.com/,Houston,TX
Brian Palko,,Regional Operations Director,Lazy Dog Restaurant & Bar,-,(281) 982-1470,Warm,https://www.linkedin.com/in/brian-palko-107989296,https://lazydogrestaurants.com/pages/stafford-tx,Stafford,TX
,,-,93' Til,Hola@93-til.com,(281) 846-6405,Warm,-,https://93-til.com/,Houston,TX
,,-,Local Table,-,(346) 800-7564,Warm,-,https://eatatlocaltable.com/,Missouri City,TX
,,-,7Spice,7spicecajun@gmail.com,(281) 499-7742,Warm,-,https://www.7spicecajun.com/,Missouri City,TX
,,-,"MOCITY COMEDY LOUNGE - MISSOURI CITY, TX",contact@mocitycomedylounge.com,(281) 346-7494,Warm,-,https://mocitycomedylounge.com/,Missouri City,TX
,,-,Hull & Oak,-,(713) 242-8555,Warm,-,https://hullandoak.com/,Houston,TX