City,Phone,State,Email1,Email2,Email4,Email5,Email6,Email7,Email8,Email9,Rating,Founded,Website,ZipCode,Category,Industry,TikTokURL,TwitterURL,YouTubeURL,ContactName,FacebookURL,LinkedInURL,ReviewCount,BusinessName,ContactPhone,ContactTitle,InstagramURL,RevenueRange,EmployeeCount,GoogleMapsURL,ScrapedEmail1,ScrapedEmail2,StreetAddress,BusinessStatus,LastReviewDate,CompanyLinkedIn,ContactLinkedIn,SocialProfileCount,RecommendedOutreach
Houston,(832) 649-3046,TX,info@lostandfoundmidtown.com,contact@lostandfoundmidtown.com,admin@lostandfoundmidtown.com,sales@lostandfoundmidtown.com,support@lostandfoundmidtown.com,office@lostandfoundmidtown.com,team@lostandfoundmidtown.com,general@lostandfoundmidtown.com,4.8,null,https://www.lostandfoundmidtown.com/,77019,restaurant,-,Found,-,-, ,Found,-,18763,Lost & Found,-,-,Found,-,null,https://maps.google.com/?cid=15302077760254295057&g_mp=CiVnb29nbGUubWFwcy5wbGFjZXMudjEuUGxhY2VzLkdldFBsYWNlEAIYBCAA,-,-,160 W Gray St,OPERATIONAL,2 months ago,-,-,3,Phone Recommended
Houston,(713) 405-3500,TX,info@gottis.com,contact@gottis.com,admin@gottis.com,sales@gottis.com,support@gottis.com,office@gottis.com,team@gottis.com,general@gottis.com,4.3,null,https://www.gottis.com/,77003,restaurant,-,Found,Found,-, ,Found,Found,3814,Gotti's Restaurant,-,-,Found,-,null,https://maps.google.com/?cid=239380848681080978&g_mp=CiVnb29nbGUubWFwcy5wbGFjZXMudjEuUGxhY2VzLkdldFBsYWNlEAIYBCAA,-,-,811 St Emanuel St,OPERATIONAL,6 months ago,-,-,5,Phone Recommended
Houston,(713) 242-8555,TX,info@hullandoak.com,contact@hullandoak.com,admin@hullandoak.com,sales@hullandoak.com,support@hullandoak.com,office@hullandoak.com,team@hullandoak.com,general@hullandoak.com,4.6,null,https://hullandoak.com/,77002,restaurant,-,-,-,-, ,Found,-,1337,Hull & Oak,-,-,Found,-,null,https://maps.google.com/?cid=2507672401770098838&g_mp=CiVnb29nbGUubWFwcy5wbGFjZXMudjEuUGxhY2VzLkdldFBsYWNlEAIYBCAA,-,-,1070 Dallas St,OPERATIONAL,3 months ago,-,-,2,Phone Recommended
Houston,(346) 646-5639,TX,info@joeyrestaurants.com,contact@joeyrestaurants.com,admin@joeyrestaurants.com,sales@joeyrestaurants.com,support@joeyrestaurants.com,office@joeyrestaurants.com,team@joeyrestaurants.com,general@joeyrestaurants.com,4.8,1992,https://joeyrestaurants.com/location/joey-uptown,77056,restaurant,Restaurants,Found,-,-,Matthew Stowe,Found,-,12787,JOEY Uptown,(604) 699-5639,Executive Director of Culinary,Found,25M,2805,https://maps.google.com/?cid=4795605038652446773&g_mp=CiVnb29nbGUubWFwcy5wbGFjZXMudjEuUGxhY2VzLkdldFBsYWNlEAIYBCAA,accessibility@joeyrestaurants.com,-,5045 Westheimer Rd Suite X01,OPERATIONAL,3 months ago,https://www.linkedin.com/company/joey-restaurant-group,https://www.linkedin.com/in/matthew-stowe-0029a434,3,Email + Social
Houston,(713) 868-4444,TX,info@brennerssteakhouse.com,contact@brennerssteakhouse.com,admin@brennerssteakhouse.com,sales@brennerssteakhouse.com,support@brennerssteakhouse.com,office@brennerssteakhouse.com,team@brennerssteakhouse.com,general@brennerssteakhouse.com,4.4,1936,https://www.brennerssteakhouse.com/location/brenners-on-the-bayou/,77007,restaurant,Restaurants,-,Found,-, ,Found,-,3076,Brenner's on the Bayou,-,-,Found,1M,29,https://maps.google.com/?cid=1960865381609878393&g_mp=CiVnb29nbGUubWFwcy5wbGFjZXMudjEuUGxhY2VzLkdldFBsYWNlEAIYBCAA,-,-,1 Birdsall St,OPERATIONAL,6 months ago,https://www.linkedin.com/company/brenner-s-steakhouse,-,3,Phone Recommended
Houston,(713) 568-2505,TX,info@lucilleshouston.net,contact@lucilleshouston.net,admin@lucilleshouston.net,sales@lucilleshouston.net,support@lucilleshouston.net,office@lucilleshouston.net,team@lucilleshouston.net,general@lucilleshouston.net,4.3,null,https://www.lucilleshouston.net/,77004,restaurant,-,-,Found,-, ,-,-,4638,Lucille's,-,-,Found,-,null,https://maps.google.com/?cid=18256275143040862938&g_mp=CiVnb29nbGUubWFwcy5wbGFjZXMudjEuUGxhY2VzLkdldFBsYWNlEAIYBCAA,-,-,5512 La Branch St,OPERATIONAL,5 months ago,-,-,2,Phone Recommended
Houston,(832) 891-3909,TX,info@victoryhoustontx.com,contact@victoryhoustontx.com,admin@victoryhoustontx.com,sales@victoryhoustontx.com,support@victoryhoustontx.com,office@victoryhoustontx.com,team@victoryhoustontx.com,general@victoryhoustontx.com,4.4,null,https://www.victoryhoustontx.com/,77002,restaurant,-,-,Found,-, ,-,-,749,Victory,-,-,Found,-,null,https://maps.google.com/?cid=6764218807236260624&g_mp=CiVnb29nbGUubWFwcy5wbGFjZXMudjEuUGxhY2VzLkdldFBsYWNlEAIYBCAA,-,-,711 Main St UNIT 501,OPERATIONAL,6 months ago,-,-,1,Phone Recommended
Houston,(281) 974-1759,TX,info@kissrestaurant.com,contact@kissrestaurant.com,admin@kissrestaurant.com,sales@kissrestaurant.com,support@kissrestaurant.com,office@kissrestaurant.com,team@kissrestaurant.com,general@kissrestaurant.com,4.3,null,https://kissrestaurant.com/,77007,restaurant,-,-,-,-, ,-,-,2023,Kiss,-,-,-,-,null,https://maps.google.com/?cid=12949864798775845705&g_mp=CiVnb29nbGUubWFwcy5wbGFjZXMudjEuUGxhY2VzLkdldFBsYWNlEAIYBCAA,-,-,2313 Edwards St #100,OPERATIONAL,a month ago,-,-,0,Phone Recommended
Houston,(713) 315-5126,TX,info@downtownaquariumhouston.com,contact@downtownaquariumhouston.com,admin@downtownaquariumhouston.com,sales@downtownaquariumhouston.com,support@downtownaquariumhouston.com,office@downtownaquariumhouston.com,team@downtownaquariumhouston.com,general@downtownaquariumhouston.com,4.7,1999,https://www.downtownaquariumhouston.com/aquarium-restaurant,77002,restaurant,-,-,-,-, ,-,-,12656,Aquarium Restaurant,-,-,-,-,8,https://maps.google.com/?cid=9019646833686271065&g_mp=CiVnb29nbGUubWFwcy5wbGFjZXMudjEuUGxhY2VzLkdldFBsYWNlEAIYBCAA,-,-,410 Bagby St,OPERATIONAL,3 months ago,https://www.linkedin.com/company/houston-aquarium-inc.,-,0,Phone Recommended
Houston,(832) 648-3210,TX,info@hudsonhouse.com,contact@hudsonhouse.com,admin@hudsonhouse.com,sales@hudsonhouse.com,support@hudsonhouse.com,office@hudsonhouse.com,team@hudsonhouse.com,general@hudsonhouse.com,4.7,null,https://www.hudsonhouse.com/,77019,restaurant,-,-,Found,-, ,Found,Found,2176,Hudson House,-,-,Found,-,null,https://maps.google.com/?cid=17067917718971938502&g_mp=CiVnb29nbGUubWFwcy5wbGFjZXMudjEuUGxhY2VzLkdldFBsYWNlEAIYBCAA,-,-,1964 W Gray St,OPERATIONAL,4 months ago,-,-,4,Phone Recommended
Houston,(713) 529-1443,TX,info@grangershouston.com,contact@grangershouston.com,admin@grangershouston.com,sales@grangershouston.com,support@grangershouston.com,office@grangershouston.com,team@grangershouston.com,general@grangershouston.com,4.5,null,https://grangershouston.com/,77004,restaurant,Restaurants,-,-,-, ,Found,-,656,Granger's Restaurant & Bar,-,-,Found,-,4,https://maps.google.com/?cid=5871437875736632021&g_mp=CiVnb29nbGUubWFwcy5wbGFjZXMudjEuUGxhY2VzLkdldFBsYWNlEAIYBCAA,cheryl@grangershouston.com,-,1200 Binz St Suite120,OPERATIONAL,3 months ago,https://www.linkedin.com/company/grangershouston,-,2,Email + Social
Houston,(832) 559-7489,TX,info@chefstablehouston.com,contact@chefstablehouston.com,admin@chefstablehouston.com,sales@chefstablehouston.com,support@chefstablehouston.com,office@chefstablehouston.com,team@chefstablehouston.com,general@chefstablehouston.com,4.8,2001,https://www.chefstablehouston.com/,77070,restaurant,Food and Beverage Services,-,-,Found,Julie Ellis,Found,-,1846,The Chef's Table,(781) 826-3320,Owner,Found,-,110,https://maps.google.com/?cid=8762323685163463014&g_mp=CiVnb29nbGUubWFwcy5wbGFjZXMudjEuUGxhY2VzLkdldFBsYWNlEAIYBCAA,-,-,110 Vintage Park Blvd Bldg J Suite P,OPERATIONAL,a month ago,https://www.linkedin.com/company/the-chef-s-table,https://www.linkedin.com/in/julie-ellis-3513b15,3,Phone Recommended
Houston,(832) 804-7255,TX,info@houstongoodtimes.com,contact@houstongoodtimes.com,admin@houstongoodtimes.com,sales@houstongoodtimes.com,support@houstongoodtimes.com,office@houstongoodtimes.com,team@houstongoodtimes.com,general@houstongoodtimes.com,4.4,null,https://houstongoodtimes.com/,77002,restaurant,-,-,-,-, ,-,-,971,Good Times,-,-,-,-,null,https://maps.google.com/?cid=2120481491942964872&g_mp=CiVnb29nbGUubWFwcy5wbGFjZXMudjEuUGxhY2VzLkdldFBsYWNlEAIYBCAA,-,-,2100 Travis St Ste 160,OPERATIONAL,2 months ago,-,-,0,Phone Recommended
Houston,(713) 527-8988,TX,info@josephinesgulfcoasttradition.com,contact@josephinesgulfcoasttradition.com,admin@josephinesgulfcoasttradition.com,sales@josephinesgulfcoasttradition.com,support@josephinesgulfcoasttradition.com,office@josephinesgulfcoasttradition.com,team@josephinesgulfcoasttradition.com,general@josephinesgulfcoasttradition.com,4.6,null,https://josephinesgulfcoasttradition.com/,77002,restaurant,-,-,-,-, ,-,-,743,Josephine's,-,-,Found,-,null,https://maps.google.com/?cid=13660047578113550994&g_mp=CiVnb29nbGUubWFwcy5wbGFjZXMudjEuUGxhY2VzLkdldFBsYWNlEAIYBCAA,-,-,318 Gray St,OPERATIONAL,2 months ago,-,-,1,Phone Recommended
Houston,(713) 527-1800,TX,info@hotelzaza.com,contact@hotelzaza.com,admin@hotelzaza.com,sales@hotelzaza.com,support@hotelzaza.com,office@hotelzaza.com,team@hotelzaza.com,general@hotelzaza.com,4.3,2002,https://www.hotelzaza.com/houston-museum-district/dining/monarch?utm_source=google&utm_medium=Local+Search&utm_campaign=Google+My+Business,77005,restaurant,Hospitality,-,-,-,Judith Piotrowski,Found,-,744,Monarch,(214) 468-8399,Director of Outlets,Found,10M,376,https://maps.google.com/?cid=5812594092058347000&g_mp=CiVnb29nbGUubWFwcy5wbGFjZXMudjEuUGxhY2VzLkdldFBsYWNlEAIYBCAA,-,-,5701 Main St,OPERATIONAL,3 months ago,https://www.linkedin.com/company/hotel-zaza,https://www.linkedin.com/in/judith-piotrowski-0ba9322b,2,Phone Recommended
Houston,(281) 978-3676,TX,info@whatsthetempo.com,contact@whatsthetempo.com,admin@whatsthetempo.com,sales@whatsthetempo.com,support@whatsthetempo.com,office@whatsthetempo.com,team@whatsthetempo.com,general@whatsthetempo.com,4.6,null,https://whatsthetempo.com/,77057,restaurant,-,-,-,-, ,Found,-,20,Tempo,-,-,Found,-,null,https://maps.google.com/?cid=1675363874694345325&g_mp=CiVnb29nbGUubWFwcy5wbGFjZXMudjEuUGxhY2VzLkdldFBsYWNlEAIYBCAA,hello@whatsthetempo.com,-,6213 Richmond Ave,OPERATIONAL,2 months ago,-,-,2,Email + Social
Houston,(713) 526-4700,TX,info@lagrigliarestaurant.com,contact@lagrigliarestaurant.com,admin@lagrigliarestaurant.com,sales@lagrigliarestaurant.com,support@lagrigliarestaurant.com,office@lagrigliarestaurant.com,team@lagrigliarestaurant.com,general@lagrigliarestaurant.com,4.3,null,https://www.lagrigliarestaurant.com/location/la-griglia/,77019,restaurant,-,-,-,-,Chris Tocci,Found,-,1672,La Griglia,(713) 526-4700,Owner / Wine Director,Found,10M,12,https://maps.google.com/?cid=3561466817759395790&g_mp=CiVnb29nbGUubWFwcy5wbGFjZXMudjEuUGxhY2VzLkdldFBsYWNlEAIYBCAA,-,-,2817 W Dallas St,OPERATIONAL,3 months ago,https://www.linkedin.com/company/la-griglia,https://www.linkedin.com/in/chris-tocci-10396b49,2,Phone Recommended
Houston,(713) 357-5115,TX,info@thefinnhou.com,contact@thefinnhou.com,admin@thefinnhou.com,sales@thefinnhou.com,support@thefinnhou.com,office@thefinnhou.com,team@thefinnhou.com,general@thefinnhou.com,4.4,null,https://www.thefinnhou.com/,77002,restaurant,-,-,Found,-, ,Found,-,1105,The Finn,-,-,Found,-,null,https://maps.google.com/?cid=16105087931431534332&g_mp=CiVnb29nbGUubWFwcy5wbGFjZXMudjEuUGxhY2VzLkdldFBsYWNlEAIYBCAA,-,-,712 Main St,OPERATIONAL,2 months ago,-,-,2,Phone Recommended
Houston,(713) 522-9711,TX,info@brennanshouston.com,contact@brennanshouston.com,admin@brennanshouston.com,sales@brennanshouston.com,support@brennanshouston.com,office@brennanshouston.com,team@brennanshouston.com,general@brennanshouston.com,4.6,1967,https://www.brennanshouston.com/,77006,restaurant,Restaurants,-,Found,Found,Marcus Gausepohl,Found,Found,3435,Brennan's Houston,-,Wine Director,Found,1M,72,https://maps.google.com/?cid=15025014485337751627&g_mp=CiVnb29nbGUubWFwcy5wbGFjZXMudjEuUGxhY2VzLkdldFBsYWNlEAIYBCAA,-,-,3300 Smith St,OPERATIONAL,2 months ago,https://www.linkedin.com/company/brennan's-of-houston,https://www.linkedin.com/in/marcus-gausepohl-099b6683,5,Phone Recommended
Houston,(713) 485-5803,TX,info@tastedowntownhtx.com,contact@tastedowntownhtx.com,admin@tastedowntownhtx.com,sales@tastedowntownhtx.com,support@tastedowntownhtx.com,office@tastedowntownhtx.com,team@tastedowntownhtx.com,general@tastedowntownhtx.com,4.4,null,https://www.tastedowntownhtx.com/,77002,restaurant,-,-,Found,-, ,Found,-,7117,Taste Kitchen + Bar,-,-,Found,-,null,https://maps.google.com/?cid=6099657683151399804&g_mp=CiVnb29nbGUubWFwcy5wbGFjZXMudjEuUGxhY2VzLkdldFBsYWNlEAIYBCAA,info@tastedowntownhtx.com,-,420 Main St,OPERATIONAL,2 months ago,-,-,2,Email + Social
Houston,(346) 603-5615,TX,info@mamajuanacafehouston.com,contact@mamajuanacafehouston.com,admin@mamajuanacafehouston.com,sales@mamajuanacafehouston.com,support@mamajuanacafehouston.com,office@mamajuanacafehouston.com,team@mamajuanacafehouston.com,general@mamajuanacafehouston.com,4.5,null,https://mamajuanacafehouston.com/,77002,restaurant,-,Found,-,Found, ,Found,-,1118,Mamajuana Cafe,-,-,Found,-,null,https://maps.google.com/?cid=13445570774549624510&g_mp=CiVnb29nbGUubWFwcy5wbGFjZXMudjEuUGxhY2VzLkdldFBsYWNlEAIYBCAA,Mamajuanawb@gmail.com,-,909 Texas St Ste E,OPERATIONAL,3 months ago,-,-,4,Email + Social
Houston,(713) 485-6349,TX,info@saynomashtx.com,contact@saynomashtx.com,admin@saynomashtx.com,sales@saynomashtx.com,support@saynomashtx.com,office@saynomashtx.com,team@saynomashtx.com,general@saynomashtx.com,4.4,null,https://saynomashtx.com/,77008,restaurant,-,-,Found,-, ,Found,-,208,Say No Mas,-,-,Found,-,null,https://maps.google.com/?cid=680311502759107398&g_mp=CiVnb29nbGUubWFwcy5wbGFjZXMudjEuUGxhY2VzLkdldFBsYWNlEAIYBCAA,-,-,1217 W 20th St,OPERATIONAL,3 weeks ago,-,-,2,Phone Recommended
Houston,(713) 237-1111,TX,info@marriott.com,contact@marriott.com,admin@marriott.com,sales@marriott.com,support@marriott.com,office@marriott.com,team@marriott.com,general@marriott.com,4.5,null,https://www.marriott.com/en-us/hotels/houdj-jw-marriott-houston-downtown/dining/,77002,restaurant,Hospitality,-,Found,Found,Afaf Drief,Found,Found,58,Main Kitchen & 806 Lounge,-,Director of Human Resources,Found,10B+,240253,https://maps.google.com/?cid=3366431396984153081&g_mp=CiVnb29nbGUubWFwcy5wbGFjZXMudjEuUGxhY2VzLkdldFBsYWNlEAIYBCAA,-,-,806 Main St,OPERATIONAL,2 months ago,https://www.linkedin.com/company/marriott-international,https://www.linkedin.com/in/afaf-drief-02558513,5,Phone Recommended
Houston,(713) 228-1111,TX,info@vicandanthonys.com,contact@vicandanthonys.com,admin@vicandanthonys.com,sales@vicandanthonys.com,support@vicandanthonys.com,office@vicandanthonys.com,team@vicandanthonys.com,general@vicandanthonys.com,4.6,null,https://www.vicandanthonys.com/location/houston/,77002,restaurant,Restaurants,-,-,-, ,Found,-,3879,Vic & Anthony's Steakhouse,-,-,Found,5M,38,https://maps.google.com/?cid=8791736186360633508&g_mp=CiVnb29nbGUubWFwcy5wbGFjZXMudjEuUGxhY2VzLkdldFBsYWNlEAIYBCAA,-,-,1510 Texas Ave,OPERATIONAL,6 months ago,https://www.linkedin.com/company/vic-&-anthony’s-steakhouse,-,2,Phone Recommended
Houston,(281) 846-6405,TX,info@93-til.com,contact@93-til.com,admin@93-til.com,sales@93-til.com,support@93-til.com,office@93-til.com,team@93-til.com,general@93-til.com,4.6,2020,https://93-til.com/,77006,restaurant,Restaurants,-,-,-, ,-,-,702,93' Til,-,-,-,-,3,https://maps.google.com/?cid=10072616550287422872&g_mp=CiVnb29nbGUubWFwcy5wbGFjZXMudjEuUGxhY2VzLkdldFBsYWNlEAIYBCAA,Hola@93-til.com,-,1601 W Main St,OPERATIONAL,7 months ago,https://www.linkedin.com/company/93-til,-,0,Email Recommended
Houston,(346) 571-6164,TX,info@moxies.com,contact@moxies.com,admin@moxies.com,sales@moxies.com,support@moxies.com,office@moxies.com,team@moxies.com,general@moxies.com,4.5,1986,https://moxies.com/restaurants/houston?utm_source=GMB&utm_medium=google-location-listing&utm_campaign=organic,77056,restaurant,Restaurants,-,-,-,Anthony Marchisello,Found,-,5440,Moxies Houston Restaurant,-,Director of VIP Client Experience,Found,250M,2559,https://maps.google.com/?cid=1448264014433044462&g_mp=CiVnb29nbGUubWFwcy5wbGFjZXMudjEuUGxhY2VzLkdldFBsYWNlEAIYBCAA,-,-,5000 Westheimer Rd,OPERATIONAL,2 months ago,https://www.linkedin.com/company/moxies,https://www.linkedin.com/in/anthony-marchisello-b802ab125,2,Phone Recommended
Houston,(713) 520-6635,TX,info@elpueblitotogo.com,contact@elpueblitotogo.com,admin@elpueblitotogo.com,sales@elpueblitotogo.com,support@elpueblitotogo.com,office@elpueblitotogo.com,team@elpueblitotogo.com,general@elpueblitotogo.com,3.9,null,https://elpueblitotogo.com/,77006,restaurant,-,-,-,-, ,-,-,586,El Pueblito Patio,-,-,-,-,null,https://maps.google.com/?cid=7398660975728457568&g_mp=CiVnb29nbGUubWFwcy5wbGFjZXMudjEuUGxhY2VzLkdldFBsYWNlEAIYBCAA,-,-,1423 Richmond Ave,OPERATIONAL,4 months ago,-,-,0,Phone Recommended
Houston,(346) 556-1894,TX,info@chefstablehouston.com,contact@chefstablehouston.com,admin@chefstablehouston.com,sales@chefstablehouston.com,support@chefstablehouston.com,office@chefstablehouston.com,team@chefstablehouston.com,general@chefstablehouston.com,4.9,2001,https://www.chefstablehouston.com/,77098,restaurant,Food and Beverage Services,-,-,Found,Julie Ellis,Found,-,231,The Chef's Table River Oaks,(781) 826-3320,Owner,Found,-,110,https://maps.google.com/?cid=5394041913213831321&g_mp=CiVnb29nbGUubWFwcy5wbGFjZXMudjEuUGxhY2VzLkdldFBsYWNlEAIYBCAA,-,-,2055 Westheimer Rd #180,OPERATIONAL,3 weeks ago,https://www.linkedin.com/company/the-chef-s-table,https://www.linkedin.com/in/julie-ellis-3513b15,3,Phone Recommended
Houston,(713) 814-8118,TX,info@tequila-45.com,contact@tequila-45.com,admin@tequila-45.com,sales@tequila-45.com,support@tequila-45.com,office@tequila-45.com,team@tequila-45.com,general@tequila-45.com,4.5,null,https://tequila-45.com/,77061,restaurant,-,-,-,-, ,Found,-,2054,Tequila 45 mexican restaurant,-,-,Found,-,null,https://maps.google.com/?cid=6458544336947606600&g_mp=CiVnb29nbGUubWFwcy5wbGFjZXMudjEuUGxhY2VzLkdldFBsYWNlEAIYBCAA,info@tequila-45.com,-,7930 Mosley Rd,OPERATIONAL,3 months ago,-,-,2,Email + Social
Houston,(281) 974-1032,TX,info@pearland.cafe-petra.com,contact@pearland.cafe-petra.com,admin@pearland.cafe-petra.com,sales@pearland.cafe-petra.com,support@pearland.cafe-petra.com,office@pearland.cafe-petra.com,team@pearland.cafe-petra.com,general@pearland.cafe-petra.com,4.8,null,https://pearland.cafe-petra.com/,77075,restaurant,Restaurants,-,-,-, ,Found,-,1723,Cafe Petra Greek & Lebanese Restaurant,-,-,Found,-,17,https://maps.google.com/?cid=15902630197054463111&g_mp=CiVnb29nbGUubWFwcy5wbGFjZXMudjEuUGxhY2VzLkdldFBsYWNlEAIYBCAA,cafepetrapl@gmail.com,-,8498 S Sam Houston Pkwy E #700,OPERATIONAL,4 months ago,https://www.linkedin.com/company/cafe-petra,-,2,Email + Social
Houston,(713) 835-7430,TX,info@order.toasttab.com,contact@order.toasttab.com,admin@order.toasttab.com,sales@order.toasttab.com,support@order.toasttab.com,office@order.toasttab.com,team@order.toasttab.com,general@order.toasttab.com,4.2,2011,https://order.toasttab.com/online/ostioneria-59,77099,restaurant,Software Development,-,-,-, ,-,-,85,Ostioneria 59,-,-,-,5B,7766,https://maps.google.com/?cid=12718389408763287254&g_mp=CiVnb29nbGUubWFwcy5wbGFjZXMudjEuUGxhY2VzLkdldFBsYWNlEAIYBCAA,-,-,11786 Wilcrest Dr,OPERATIONAL,a year ago,https://www.linkedin.com/company/toast-inc,-,0,Phone Recommended
Houston,(713) 271-1082,TX,info@midnightbbqandseafood.com,contact@midnightbbqandseafood.com,admin@midnightbbqandseafood.com,sales@midnightbbqandseafood.com,support@midnightbbqandseafood.com,office@midnightbbqandseafood.com,team@midnightbbqandseafood.com,general@midnightbbqandseafood.com,4.7,null,https://www.midnightbbqandseafood.com/,77036,restaurant,-,-,-,-, ,Found,-,376,Midnight Kabob and Seafood,-,-,-,-,null,https://maps.google.com/?cid=12681149545396287225&g_mp=CiVnb29nbGUubWFwcy5wbGFjZXMudjEuUGxhY2VzLkdldFBsYWNlEAIYBCAA,-,-,9889 Bellaire Blvd Ste 108,OPERATIONAL,2 months ago,-,-,1,Phone Recommended
Houston,(281) 529-6751,TX,info@lemkitchenlounge.com,contact@lemkitchenlounge.com,admin@lemkitchenlounge.com,sales@lemkitchenlounge.com,support@lemkitchenlounge.com,office@lemkitchenlounge.com,team@lemkitchenlounge.com,general@lemkitchenlounge.com,4.5,null,https://lemkitchenlounge.com/,77072,restaurant,-,-,-,-, ,Found,-,526,Lem's Kitchen & Lounge,-,-,Found,-,null,https://maps.google.com/?cid=3062664177266940153&g_mp=CiVnb29nbGUubWFwcy5wbGFjZXMudjEuUGxhY2VzLkdldFBsYWNlEAIYBCAA,leeannta1984@gmail.com,-,11113 Bellaire Blvd,OPERATIONAL,7 months ago,-,-,2,Email + Social
Houston,(713) 986-9800,TX,info@hotelzaza.com,contact@hotelzaza.com,admin@hotelzaza.com,sales@hotelzaza.com,support@hotelzaza.com,office@hotelzaza.com,team@hotelzaza.com,general@hotelzaza.com,4.1,2002,https://www.hotelzaza.com/houston-memorial-city/dining/tipping-point-restaurant-terrace?utm_source=google&utm_medium=Local+Search&utm_campaign=Google+My+Business,77024,restaurant,Hospitality,-,-,-,Judith Piotrowski,Found,-,110,Tipping Point Restaurant and Terrace,(214) 468-8399,Director of Outlets,Found,10M,376,https://maps.google.com/?cid=2106291468997750881&g_mp=CiVnb29nbGUubWFwcy5wbGFjZXMudjEuUGxhY2VzLkdldFBsYWNlEAIYBCAA,-,-,9787 Katy Fwy,OPERATIONAL,9 months ago,https://www.linkedin.com/company/hotel-zaza,https://www.linkedin.com/in/judith-piotrowski-0ba9322b,2,Phone Recommended
Houston,(832) 986-8987,TX,info@thedomainrestaurantandlounge.com,contact@thedomainrestaurantandlounge.com,admin@thedomainrestaurantandlounge.com,sales@thedomainrestaurantandlounge.com,support@thedomainrestaurantandlounge.com,office@thedomainrestaurantandlounge.com,team@thedomainrestaurantandlounge.com,general@thedomainrestaurantandlounge.com,4.2,null,https://thedomainrestaurantandlounge.com/,77063,restaurant,-,Found,Found,-, ,Found,-,1419,The Domain Houston,-,-,Found,-,null,https://maps.google.com/?cid=4298462656702076738&g_mp=CiVnb29nbGUubWFwcy5wbGFjZXMudjEuUGxhY2VzLkdldFBsYWNlEAIYBCAA,domainhouston@gmail.com,-,8052 Westheimer Rd,OPERATIONAL,3 months ago,-,-,3,Email + Social
Houston,(832) 308-8437,TX,info@barbarhouston.com,contact@barbarhouston.com,admin@barbarhouston.com,sales@barbarhouston.com,support@barbarhouston.com,office@barbarhouston.com,team@barbarhouston.com,general@barbarhouston.com,4.3,null,https://barbarhouston.com/,77063,restaurant,-,-,-,-, ,-,-,1155,Barbar Mediterranean Grill,-,-,-,-,null,https://maps.google.com/?cid=8799818755194147664&g_mp=CiVnb29nbGUubWFwcy5wbGFjZXMudjEuUGxhY2VzLkdldFBsYWNlEAIYBCAA,-,-,7917 Westheimer Rd b,OPERATIONAL,5 months ago,-,-,0,Phone Recommended
Missouri City,(346) 800-7564,TX,info@eatatlocaltable.com,contact@eatatlocaltable.com,admin@eatatlocaltable.com,sales@eatatlocaltable.com,support@eatatlocaltable.com,office@eatatlocaltable.com,team@eatatlocaltable.com,general@eatatlocaltable.com,4.7,null,https://eatatlocaltable.com/,77459,restaurant,-,-,Found,-, ,Found,-,294,Local Table,-,-,Found,-,null,https://maps.google.com/?cid=11596657293588530083&g_mp=CiVnb29nbGUubWFwcy5wbGFjZXMudjEuUGxhY2VzLkdldFBsYWNlEAIYBCAA,-,-,3434 FM 1092 Rd,OPERATIONAL,5 months ago,-,-,3,Phone Recommended
Missouri City,(281) 346-7494,TX,info@mocitycomedylounge.com,contact@mocitycomedylounge.com,admin@mocitycomedylounge.com,sales@mocitycomedylounge.com,support@mocitycomedylounge.com,office@mocitycomedylounge.com,team@mocitycomedylounge.com,general@mocitycomedylounge.com,4.9,null,https://mocitycomedylounge.com/,77459,restaurant,-,Found,-,-, ,Found,-,36,"MOCITY COMEDY LOUNGE - MISSOURI CITY, TX",-,-,Found,-,null,https://maps.google.com/?cid=2075755688852629429&g_mp=CiVnb29nbGUubWFwcy5wbGFjZXMudjEuUGxhY2VzLkdldFBsYWNlEAIYBCAA,contact@mocitycomedylounge.com,-,3760 Cartwright Rd,OPERATIONAL,3 weeks ago,-,-,3,Email + Social
Missouri City,(281) 499-7742,TX,info@7spicecajun.com,contact@7spicecajun.com,admin@7spicecajun.com,sales@7spicecajun.com,support@7spicecajun.com,office@7spicecajun.com,team@7spicecajun.com,general@7spicecajun.com,4.5,null,https://www.7spicecajun.com/,77489,restaurant,-,Found,-,-, ,Found,-,1902,7Spice,-,-,Found,-,null,https://maps.google.com/?cid=6798158603090186470&g_mp=CiVnb29nbGUubWFwcy5wbGFjZXMudjEuUGxhY2VzLkdldFBsYWNlEAIYBCAA,7spicecajun@gmail.com,-,2240 Texas Pkwy,OPERATIONAL,2 months ago,-,-,3,Email + Social
Missouri City,(832) 987-4799,TX,info@restaurants.daveshotchicken.com,contact@restaurants.daveshotchicken.com,admin@restaurants.daveshotchicken.com,sales@restaurants.daveshotchicken.com,support@restaurants.daveshotchicken.com,office@restaurants.daveshotchicken.com,team@restaurants.daveshotchicken.com,general@restaurants.daveshotchicken.com,4.6,2017,https://restaurants.daveshotchicken.com/tx/missouri-city/6324-s-hwy-6-1052?utm_campaign=google_maps&utm_medium=organic&utm_source=google&utm_content=website&utm_term=1052,77459,restaurant,Restaurants,Found,Found,Found, ,Found,Found,3241,Dave's Hot Chicken,-,-,Found,100M,2466,https://maps.google.com/?cid=3783597779217900652&g_mp=CiVnb29nbGUubWFwcy5wbGFjZXMudjEuUGxhY2VzLkdldFBsYWNlEAIYBCAA,-,-,6324 Hwy 6,OPERATIONAL,a month ago,https://www.linkedin.com/company/daveshotchicken,-,5,Phone Recommended
Missouri City,(281) 499-0227,TX,info@chilis.com,contact@chilis.com,admin@chilis.com,sales@chilis.com,support@chilis.com,office@chilis.com,team@chilis.com,general@chilis.com,3.6,null,https://www.chilis.com/locations/us/texas/missouri-city/missouri-city?utm_source=google&utm_medium=local&utm_campaign=Chilis,77459,restaurant,Restaurants,Found,Found,Found,Sean Savage,Found,Found,1502,Chili's Grill & Bar,(800) 983-4637,Facilities Director,Found,250M,33617,https://maps.google.com/?cid=13670481489637347358&g_mp=CiVnb29nbGUubWFwcy5wbGFjZXMudjEuUGxhY2VzLkdldFBsYWNlEAIYBCAA,C00752@chilis.com,-,5788 Hwy 6,OPERATIONAL,a month ago,https://www.linkedin.com/company/chili's,https://www.linkedin.com/in/sean-savage-b345a6170,6,Email + Social
Missouri City,(713) 489-8529,TX,info@layneschickenfingers.com,contact@layneschickenfingers.com,admin@layneschickenfingers.com,sales@layneschickenfingers.com,support@layneschickenfingers.com,office@layneschickenfingers.com,team@layneschickenfingers.com,general@layneschickenfingers.com,4.6,1994,https://www.layneschickenfingers.com/locations,77459,restaurant,Restaurants,Found,-,-,Ashley Reynolds,Found,Found,332,Layne's Chicken Fingers - Missouri City,(979) 696-7633,Director of Marketing,Found,25M,158,https://maps.google.com/?cid=3644851531409712466&g_mp=CiVnb29nbGUubWFwcy5wbGFjZXMudjEuUGxhY2VzLkdldFBsYWNlEAIYBCAA,-,-,5801 Hwy 6,OPERATIONAL,5 months ago,https://www.linkedin.com/company/layne-s-chicken-fingers-1,https://www.linkedin.com/in/ashley-reynolds-957a3151,4,Phone Recommended
Missouri City,(346) 647-5037,TX,info@grainandberry.com,contact@grainandberry.com,admin@grainandberry.com,sales@grainandberry.com,support@grainandberry.com,office@grainandberry.com,team@grainandberry.com,general@grainandberry.com,4.8,2017,https://grainandberry.com/locations/missouri-city,77459,restaurant,Restaurants,Found,-,-,Asha Morales,Found,-,119,Grain and Berry - Missouri City,(727) 771-7794,Director of Franchise Development,Found,-,146,https://maps.google.com/?cid=3353770605184872462&g_mp=CiVnb29nbGUubWFwcy5wbGFjZXMudjEuUGxhY2VzLkdldFBsYWNlEAIYBCAA,-,-,9010 Sienna Crossing Dr #250,OPERATIONAL,3 months ago,https://www.linkedin.com/company/grainandberry,https://www.linkedin.com/in/asha-morales-78543119,3,Phone Recommended
Missouri City,(832) 539-1619,TX,info@happycrabmissouricity.com,contact@happycrabmissouricity.com,admin@happycrabmissouricity.com,sales@happycrabmissouricity.com,support@happycrabmissouricity.com,office@happycrabmissouricity.com,team@happycrabmissouricity.com,general@happycrabmissouricity.com,4.4,null,https://happycrabmissouricity.com/,77459,restaurant,-,-,-,-, ,Found,-,741,Happy Crab,-,-,Found,-,null,https://maps.google.com/?cid=9791710136802999723&g_mp=CiVnb29nbGUubWFwcy5wbGFjZXMudjEuUGxhY2VzLkdldFBsYWNlEAIYBCAA,-,-,5418 Hwy 6 suit 210,OPERATIONAL,5 months ago,-,-,2,Phone Recommended
Missouri City,(281) 403-9464,TX,info@wingstop.com,contact@wingstop.com,admin@wingstop.com,sales@wingstop.com,support@wingstop.com,office@wingstop.com,team@wingstop.com,general@wingstop.com,3.5,1994,https://www.wingstop.com/location/wingstop-501-missouri-city-tx-77489/menu?y_source=1_NTUyMDc1MTQtNzE1LWxvY2F0aW9uLndlYnNpdGU%3D,77489,restaurant,Restaurants,Found,Found,Found,Clare Jeong,Found,-,452,Wingstop,(972) 686-6500,Director Talent Development,Found,500M,16249,https://maps.google.com/?cid=8099109734118760126&g_mp=CiVnb29nbGUubWFwcy5wbGFjZXMudjEuUGxhY2VzLkdldFBsYWNlEAIYBCAA,helpdesk@wingstop.com,-,2240 Texas Pkwy Ste 100,OPERATIONAL,8 months ago,https://www.linkedin.com/company/wingstop-restaurants-inc-,https://www.linkedin.com/in/clare-jeong,4,Email + Social
Missouri City,(281) 746-9723,TX,info@oliversgourmet.com,contact@oliversgourmet.com,admin@oliversgourmet.com,sales@oliversgourmet.com,support@oliversgourmet.com,office@oliversgourmet.com,team@oliversgourmet.com,general@oliversgourmet.com,4.8,null,https://oliversgourmet.com/,77459,restaurant,-,-,-,-, ,Found,-,398,Oliver's Gourmet,-,-,Found,-,null,https://maps.google.com/?cid=11974278962813827237&g_mp=CiVnb29nbGUubWFwcy5wbGFjZXMudjEuUGxhY2VzLkdldFBsYWNlEAIYBCAA,-,-,3843 Cartwright Rd,OPERATIONAL,5 months ago,-,-,2,Phone Recommended
Missouri City,(346) 816-6266,TX,info@thetoastedyolk.com,contact@thetoastedyolk.com,admin@thetoastedyolk.com,sales@thetoastedyolk.com,support@thetoastedyolk.com,office@thetoastedyolk.com,team@thetoastedyolk.com,general@thetoastedyolk.com,4.5,2010,https://thetoastedyolk.com/locations/missouri-city-tx/,77459,restaurant,Restaurants,-,-,-,Chris Milton,Found,-,61,The Toasted Yolk Cafe,(832) 446-6282,Owner,-,25M,294,https://maps.google.com/?cid=18262880138663365066&g_mp=CiVnb29nbGUubWFwcy5wbGFjZXMudjEuUGxhY2VzLkdldFBsYWNlEAIYBCAA,-,-,10040 Hwy 6 Suite 500,OPERATIONAL,3 months ago,https://www.linkedin.com/company/the-toasted-yolk-cafe,https://www.linkedin.com/in/chris-milton-aab3b871,1,Phone Recommended
Missouri City,(346) 781-2155,TX,info@eatbunslut.com,contact@eatbunslut.com,admin@eatbunslut.com,sales@eatbunslut.com,support@eatbunslut.com,office@eatbunslut.com,team@eatbunslut.com,general@eatbunslut.com,4.6,null,https://www.eatbunslut.com/,77459,restaurant,Restaurants,-,-,-, ,-,-,363,BunSlut,-,-,Found,-,1,https://maps.google.com/?cid=1541047230432050929&g_mp=CiVnb29nbGUubWFwcy5wbGFjZXMudjEuUGxhY2VzLkdldFBsYWNlEAIYBCAA,-,-,7270 Hwy 6 #100,OPERATIONAL,2 weeks ago,https://www.linkedin.com/company/bun-slut,-,1,Phone Recommended
Stafford,(281) 982-1470,TX,info@lazydogrestaurants.com,contact@lazydogrestaurants.com,admin@lazydogrestaurants.com,sales@lazydogrestaurants.com,support@lazydogrestaurants.com,office@lazydogrestaurants.com,team@lazydogrestaurants.com,general@lazydogrestaurants.com,4.6,2003,https://lazydogrestaurants.com/pages/stafford-tx,77477,restaurant,Restaurants,Found,-,Found,Brian Palko,Found,-,2451,Lazy Dog Restaurant & Bar,(714) 596-9960,Regional Operations Director,Found,100M,2069,https://maps.google.com/?cid=5636779583186593715&g_mp=CiVnb29nbGUubWFwcy5wbGFjZXMudjEuUGxhY2VzLkdldFBsYWNlEAIYBCAA,-,-,12223 Southwest Fwy,OPERATIONAL,2 months ago,https://www.linkedin.com/company/lazy-dog-restaurants,https://www.linkedin.com/in/brian-palko-107989296,4,Phone Recommended
Sugar Land,(281) 206-0186,TX,info@tastedowntownhtx.com,contact@tastedowntownhtx.com,admin@tastedowntownhtx.com,sales@tastedowntownhtx.com,support@tastedowntownhtx.com,office@tastedowntownhtx.com,team@tastedowntownhtx.com,general@tastedowntownhtx.com,4.5,null,https://www.tastedowntownhtx.com/menu,77478,restaurant,-,-,Found,-, ,Found,-,950,Taste Kitchen + Bar - Sugar Land,-,-,Found,-,null,https://maps.google.com/?cid=6736012583057764138&g_mp=CiVnb29nbGUubWFwcy5wbGFjZXMudjEuUGxhY2VzLkdldFBsYWNlEAIYBCAA,info@tastedowntownhtx.com,-,1550 Lake Pointe Pkwy #500,OPERATIONAL,6 months ago,-,-,2,Email + Social
Sugar Land,(832) 886-4329,TX,info@gyu-kaku.com,contact@gyu-kaku.com,admin@gyu-kaku.com,sales@gyu-kaku.com,support@gyu-kaku.com,office@gyu-kaku.com,team@gyu-kaku.com,general@gyu-kaku.com,4.9,2000,https://www.gyu-kaku.com/sugar-land/,77478,restaurant,Restaurants,-,Found,-,Aki Yamaguchi,Found,-,6010,Gyu-Kaku Japanese BBQ,-,Chief Operations Officer,Found,5M,1159,https://maps.google.com/?cid=8390767532333719042&g_mp=CiVnb29nbGUubWFwcy5wbGFjZXMudjEuUGxhY2VzLkdldFBsYWNlEAIYBCAA,-,-,1531 Hwy 6 #130,OPERATIONAL,5 months ago,https://www.linkedin.com/company/reins-international-usa,https://www.linkedin.com/in/aki-yamaguchi-4b29079,3,Phone Recommended