prospect_id,group,priority_rank,name,company,role,linkedin,geography,public_evidence_of_relevant_workflow,source_urls,pain_signal,relevance_1_to_5,relevance_basis,outreach_status,problem_first_opener,response,frequency,consequences,current_solution,workflow_owner,pain_or_data_problem,prior_spend,offer,payment,verification_note
AG-01,Outbound / lead-generation agency,4,Jack Reamer,SalesBread,CEO and founder,https://www.linkedin.com/in/jackreamer/,United States; individual city not rechecked,SalesBread's 2026 materials describe highly personalized LinkedIn outreach and refined prospect lists; this establishes workflow relevance only.,https://www.linkedin.com/in/jackreamer/ | https://salesbread.com/outreach-marketing/ | https://salesbread.com/business-lead-generation-companies/,Unconfirmed; public evidence is not evidence that Jack or SalesBread has this pain.,5,Direct founder-led prospect-list building and outbound execution; fit score is not a pain or purchase-propensity score.,Not started,I saw SalesBread's public focus on refined prospect lists and personalized LinkedIn outreach. Could I ask how you decide which record facts are reliable enough to use in a campaign?,,,,,,,,Not yet offered; if concrete pain emerges: 10-Record Sales Data Audit — $150 — 24 hours.,No payment as of 2026-10-04,Role/workflow corroborated by current company materials indexed in 2026; recheck profile before sending.
AG-02,Outbound / lead-generation agency,,Jason Bay,Outbound Squad,CEO and founder,https://www.linkedin.com/in/jasondbay/,"Greater Seattle Area, United States",Outbound Squad describes outbound pipeline generation and training for B2B sales teams; Jason's profile says he helps teams turn strangers into customers.,https://www.linkedin.com/in/jasondbay/ | https://outboundsquad.com/ | https://sellbetter.xyz/show-speakers/jason-bay,Unconfirmed; public evidence is not evidence that Jason or Outbound Squad has this pain.,4,"Owns a B2B outbound training/enablement service; adjacent workflow fit, not a confirmed data-quality problem.",Not started,,,,,,,,,Not yet offered; if concrete pain emerges: 10-Record Sales Data Audit — $150 — 24 hours.,No payment as of 2026-10-04,Current CEO/founder role and U.S. location shown on public profile/company materials indexed in 2026.
AG-03,Outbound / lead-generation agency,,Eric Boggs,RevBoss,Founder and CEO,https://www.linkedin.com/in/ericboggs/,"Durham, North Carolina, United States",RevBoss public company material describes B2B lead-generation services and identifies Eric as founder/CEO; this establishes company/role relevance only.,https://www.linkedin.com/in/ericboggs/ | https://www.linkedin.com/company/revboss/ | https://revboss.com/blog/top-linkedin-agencies-2026,Unconfirmed; public discussion of qualification is not evidence of this prospect's own pain.,4,"Founder of a B2B prospecting/demand-generation firm; direct workflow relevance, but no customer pain established.",Not started,,,,,,,,,Not yet offered; if concrete pain emerges: 10-Record Sales Data Audit — $150 — 24 hours.,No payment as of 2026-10-04,Role and Durham location corroborated by RevBoss public company material and profile sources indexed in 2026.
AG-04,Outbound / lead-generation agency,2,Matthew Lucero,Anevo Marketing,Founder,https://www.linkedin.com/in/matthew-lucero/,"Tampa, Florida, United States",Anevo and the Smartlead partner profile identify Matthew as founder of a boutique B2B lead-generation/cold-email agency.,https://www.linkedin.com/in/matthew-lucero/ | https://www.smartlead.ai/partner/matthew-lucero,Unconfirmed; the agency's public workflow does not establish personal or organizational pain.,5,"Founder directly involved in B2B lead generation and cold-email execution; public scale figures are company claims, not independently verified.",Not started,I saw you run a B2B cold-email/lead-generation operation. I'm trying to learn what checks teams actually run on a new prospect list before sending. Would you be open to a short workflow conversation?,,,,,,,,Not yet offered; if concrete pain emerges: 10-Record Sales Data Audit — $150 — 24 hours.,No payment as of 2026-10-04,Founder role and Tampa location appear in public profile/partner sources; recheck current role before sending.
AG-05,Outbound / lead-generation agency,1,Nick Abraham,Leadbird,Founder,https://www.linkedin.com/in/nick-abraham/,"Dallas-Fort Worth, Texas, United States","Nick's public profile and posts discuss lead generation, campaign data, list building, enrichment, and bounce-rate workflows; these are workflow signals, not confirmed demand for an audit.",https://www.linkedin.com/in/nick-abraham/ | https://www.smartlead.ai/blog/vaibhav-namburi-and-nick-abraham-interview | https://www.linkedin.com/posts/nick-abraham_lead-gen-gurus-when-it-comes-time-to-deliver-activity-7169677939377209344-7u0r,Unconfirmed; public posts about operational topics do not prove he needs or wants this offer.,5,"Founder/operator with direct prospect-data and outbound-campaign workflow; high relevance, not a pain or purchase-propensity score.",Not started,"I saw your public posts about the operational side of cold outreach—campaign data, bounce rates, and list work. How does your team check person/company records before a client starts outreach?",,,,,,,,Not yet offered; if concrete pain emerges: 10-Record Sales Data Audit — $150 — 24 hours.,No payment as of 2026-10-04,"Founder role, DFW location, and current Leadbird activity are visible in public LinkedIn/profile sources indexed in 2026."
AG-06,Outbound / lead-generation agency,3,Din Kapetanovic,EagleRev,Co-founder,https://www.linkedin.com/in/din-kapetanovic-85a42325b/,"Los Angeles, California, United States","EagleRev identifies Din as co-founder; public material describes research, list building, copy, follow-ups, and campaign operations for outbound programs.",https://www.linkedin.com/in/din-kapetanovic-85a42325b/ | https://eaglerev.io/about,Unconfirmed; public workflow evidence does not establish pain.,5,Direct co-founder/operator in a B2B outbound service with research and campaign-operations exposure.,Not started,"Your public material describes a system combining research, copy, follow-up, and call prep. Could I ask where record verification fits before a campaign goes live?",,,,,,,,Not yet offered; if concrete pain emerges: 10-Record Sales Data Audit — $150 — 24 hours.,No payment as of 2026-10-04,"Co-founder role, current company, U.S. location, and 2026 activity corroborated by public profile/company materials."
AG-07,Outbound / lead-generation agency,,Justin Rowe,Impactable,CEO and founder,https://www.linkedin.com/in/justin-rowe-4043339b/,"Fort Wayne, Indiana, United States","Impactable describes B2B demand generation, LinkedIn campaigns, audience targeting, and website-visitor identification; this is adjacent prospect-data workflow evidence.",https://www.linkedin.com/in/justin-rowe-4043339b/ | https://impactable.com/,Unconfirmed; public service descriptions do not show that Justin has a sales-data audit need.,4,Founder/operator in B2B demand generation and LinkedIn targeting; less direct fit to contact-record verification than list-building agencies.,Not started,,,,,,,,,Not yet offered; if concrete pain emerges: 10-Record Sales Data Audit — $150 — 24 hours.,No payment as of 2026-10-04,Company site identifies Justin as CEO/founder and is current in 2026; claims on the site are company claims.
AG-08,Outbound / lead-generation agency,,Brendan Burnett,SalesHive,Founder and CEO,https://www.linkedin.com/in/brendanburnett/,"Denver, Colorado, United States","SalesHive's public materials describe outbound SDR programs using lead research/list building, email, calling, LinkedIn, and its own sales platform/CRM.",https://www.linkedin.com/in/brendanburnett/ | https://saleshive.com/about,Unconfirmed; public workflow relevance is not evidence of pain.,4,Founder of an outbound SDR agency with direct list and campaign operations; large-company buying/access friction may be higher.,Not started,,,,,,,,,Not yet offered; if concrete pain emerges: 10-Record Sales Data Audit — $150 — 24 hours.,No payment as of 2026-10-04,Founder role/company workflow corroborated by current company materials and public profile sources indexed in 2026.
AG-09,Outbound / lead-generation agency,,Bart Bartlett,DemandZEN,CEO,https://www.linkedin.com/in/bartb/,"Raleigh-Durham-Chapel Hill, North Carolina, United States","DemandZEN's public company profile lists appointment setting, lead follow-up, list building, email cadence, and account-based marketing among its services.",https://www.linkedin.com/in/bartb/ | https://www.linkedin.com/company/demandzen | https://demandzen.com/about-us/,Unconfirmed; listed services do not prove a current data problem or buying intent.,4,"CEO of a B2B demand-generation/appointment-setting firm; workflow fit is direct, but scale may reduce likelihood of buying a small audit.",Not started,,,,,,,,,Not yet offered; if concrete pain emerges: 10-Record Sales Data Audit — $150 — 24 hours.,No payment as of 2026-10-04,CEO role and U.S. location shown in public company/profile sources indexed in 2026.
AG-10,Outbound / lead-generation agency,,Kevin Warner,Leadium,Founder and CEO,https://www.linkedin.com/in/kevinawarner/,United States; Leadium describes itself as U.S.-based,"Leadium 2026 materials describe ICP definition, hand-researched prospect lists, cold email, cold calling, and LinkedIn prospecting.",https://www.linkedin.com/in/kevinawarner/ | https://www.leadium.com/blog/inhouse-vs-outsourced | https://www.leadium.com/blog/linkedin-lead-generation-agencies,Unconfirmed; company material is not evidence of personal pain or willingness to buy.,5,Founder-led outbound delivery and hand-researched prospect lists are highly relevant; scale/access should be qualified in conversation.,Not started,,,,,,,,,Not yet offered; if concrete pain emerges: 10-Record Sales Data Audit — $150 — 24 hours.,No payment as of 2026-10-04,Leadium's current U.S.-based business materials identify Kevin as founder/CEO; individual city not independently confirmed in the selected source set.
AG-11,Outbound / lead-generation agency,,Chris Cozzolino,Uptown Creation,Co-founder and CEO,https://www.linkedin.com/in/chriscozzolino/,"Iowa City, Iowa, United States","Uptown Creation describes LinkedIn Sales Navigator prospecting, targeting, message cadences, and outbound campaign management for B2B teams.",https://www.linkedin.com/in/chriscozzolino/ | https://www.uptown.com/resources | https://entrefest.com/speakers/chris-cozzolino,Unconfirmed; public workflow evidence does not establish pain.,5,Agency founder whose public work centers on B2B prospect targeting and LinkedIn-led outbound.,Not started,,,,,,,,,Not yet offered; if concrete pain emerges: 10-Record Sales Data Audit — $150 — 24 hours.,No payment as of 2026-10-04,Current company/role and Iowa location corroborated by public company/profile sources indexed in 2026.
AG-12,Outbound / lead-generation agency,,David Kreiger,SalesRoads,Founder and president,https://www.linkedin.com/in/davidkreiger/,"Boca Raton, Florida, United States","SalesRoads describes B2B appointment setting, lead generation, and SDR outsourcing, including phone/email-led outbound workflows.",https://www.linkedin.com/in/davidkreiger/ | https://salesroads.com/ | https://www.entrepreneur.com/author/david-kreiger,Unconfirmed; services and company scale do not prove a present data-quality problem.,4,"Founder of a B2B appointment-setting/lead-generation firm; relevant execution workflow, with enterprise-scale access friction.",Not started,,,,,,,,,Not yet offered; if concrete pain emerges: 10-Record Sales Data Audit — $150 — 24 hours.,No payment as of 2026-10-04,Founder/president role and U.S. company activity corroborated by public sources indexed in 2026.
RO-01,Sales Ops / RevOps,,Jamie Miller,Salesloft,VP of Revenue Operations,https://www.linkedin.com/in/jamiesarahmiller/,"New York, New York, United States","Salesloft identifies Jamie as VP of RevOps; public material describes revenue planning, dashboards, deal reviews, and operational alignment.",https://www.linkedin.com/in/jamiesarahmiller/ | https://www.salesloft.com/resources/videos/the-secret-to-high-performing-revops-teams | https://www.joinpavilion.com/50-revops-leaders-to-watch-2025,Unconfirmed; role/workflow fit is not evidence of pain.,4,Direct in-house RevOps role with sales-process and information-flow responsibility; large-company access may be harder.,Not started,,,,,,,,,Not yet offered; if concrete pain emerges: 10-Record Sales Data Audit — $150 — 24 hours.,No payment as of 2026-10-04,Role/company corroborated by Salesloft and public profile sources; recheck current title before outreach because one source is from 2025.
RO-02,Sales Ops / RevOps,,Nicole Smith,Momentus Technologies,VP of Revenue Operations,https://www.linkedin.com/in/nicolesmithatx/,"Austin, Texas, United States","Nicole's public profile describes Salesforce, strategic systems integration, and sales-process optimization; public sources show her VP RevOps role at Momentus.",https://www.linkedin.com/in/nicolesmithatx/ | https://www.attention.com/who-is-who/who-is-nicole-smith-vp-of-revenue-operations-at-momentus-technologies | https://www.joinpavilion.com/50-revops-leaders-to-watch-2025,Unconfirmed; profile language about operational strategy does not establish a specific data pain.,4,"In-house RevOps executive with Salesforce and process responsibilities; direct role fit, but not confirmed as a buyer.",Not started,,,,,,,,,Not yet offered; if concrete pain emerges: 10-Record Sales Data Audit — $150 — 24 hours.,No payment as of 2026-10-04,Current role/location shown in public profile sources indexed in 2026; recheck title before sending.
RO-03,Sales Ops / RevOps,,Hacer Demiroers,MongoDB,VP of Sales Operations,https://www.linkedin.com/in/hacerdemiroers/,"Boston, Massachusetts, United States",Public profile sources identify Hacer as VP Sales Operations at MongoDB; her role is directly within sales/GTM operations.,https://www.linkedin.com/in/hacerdemiroers/ | https://theorg.com/org/mongodb/org-chart/hacer-demiroers | https://www.attention.com/who-is-who/who-is-hacer-demiroer-vp-of-sales-operations-at-mongodb,Unconfirmed; title and workflow relevance are not evidence of a data problem.,4,Direct sales-operations executive; large-enterprise access and procurement friction may be high.,Not started,,,,,,,,,Not yet offered; if concrete pain emerges: 10-Record Sales Data Audit — $150 — 24 hours.,No payment as of 2026-10-04,Current title/company and Boston location corroborated by public sources indexed July 2026.
RO-04,Sales Ops / RevOps,,Will Yee,Dovetail,Sales and Revenue Operations,https://www.linkedin.com/in/yeewill/,"San Francisco Bay Area, California, United States","Will’s LinkedIn profile associates him with Dovetail and Sales/Revenue Operations; public posts discuss sales-to-customer-success handoffs and RevOps. The profile date is old, so current affiliation is not treated as settled.",https://www.linkedin.com/in/yeewill/ | https://www.attention.com/who-is-will-yee-revenue-operations-lead-at-dovetail,Unconfirmed; public commentary about handoffs is not a claim of personal pain.,4,"Role is close to sales-data/process ownership, but current company/title is unresolved; verify before outreach.",Not started,,,,,,,,,Not yet offered; if concrete pain emerges: 10-Record Sales Data Audit — $150 — 24 hours.,No payment as of 2026-10-04,LinkedIn shows Dovetail affiliation and Sales/Revenue Operations commentary; latest indexed profile evidence is dated 2021 and does not independently establish a current title. Reconfirm company/title before outreach.
RO-05,Sales Ops / RevOps,5,Jacki Leahy,Activate the Magic,Head of GTM and founder,https://www.linkedin.com/in/jackileahy/,"Boston, Massachusetts, United States","Activate the Magic describes fractional RevOps and startup work across CRM, data operations, lead routing, and GTM systems.",https://www.linkedin.com/in/jackileahy/ | https://activatethemagic.com/meet | https://sellbetter.xyz/show-speakers/jacki-leahy,"Unconfirmed; public service descriptions establish workflow relevance, not a current buyer need.",5,Founder/operator advising early-stage teams on sales systems and data workflows; accessible consulting context.,Not started,Activate the Magic works across startup CRM and RevOps systems. What checks happen before a sales team acts on prospect data?,,,,,,,,Not yet offered; if concrete pain emerges: 10-Record Sales Data Audit — $150 — 24 hours.,No payment as of 2026-10-04,Founder/title and Boston location corroborated by current company/profile material indexed in 2026.
RO-06,Sales Ops / RevOps,7,Gregory Harned,RevOps Global,Founder and CEO,https://www.linkedin.com/in/gregoryharned/,"Ridgefield, Washington, United States","RevOps Global explicitly lists database management, hygiene/normalization, lead scoring, and sales/marketing operations among its services.",https://www.linkedin.com/in/gregoryharned/ | https://www.revopsglobal.com/about/ | https://www.linkedin.com/company/revopsglobal,Unconfirmed; a consulting service offering does not prove that Gregory or a client has an active pain.,5,"Small U.S. RevOps consultancy with explicit database-hygiene workflow relevance; potential direct buyer or referral source, not a demand signal.",Not started,RevOps Global lists database management and hygiene among its work. How do your clients decide which person/company records are safe for sales teams to act on?,,,,,,,,Not yet offered; if concrete pain emerges: 10-Record Sales Data Audit — $150 — 24 hours.,No payment as of 2026-10-04,Founder/company and database-hygiene service are shown on current public company/profile pages.
RO-07,Sales Ops / RevOps,6,Jared Rhue,Revenue Clarity / InTandem,Fractional VP of Revenue Operations and GTM architect,https://www.linkedin.com/in/jared-rhue/,"Dallas, Texas, United States","Jared's public materials describe fractional RevOps, HubSpot/GTM architecture, CRM data integrity, and revenue reporting for B2B SaaS companies.",https://www.linkedin.com/in/jared-rhue/ | https://jaredrhue.com/ | https://my.visualcv.com/jared-rhue-bio/,Unconfirmed; self-described data-integrity work is not evidence of an unmet need or buying intent.,5,"Fractional operator directly involved in CRM, GTM data, and startup revenue operations; role fit only.",Not started,Your public materials discuss HubSpot/GTM integrity and fractional RevOps. How do client teams handle contact/company verification before outreach?,,,,,,,,Not yet offered; if concrete pain emerges: 10-Record Sales Data Audit — $150 — 24 hours.,No payment as of 2026-10-04,"2026 public profile/site lists fractional RevOps work and Dallas, Texas."
RO-08,Sales Ops / RevOps,,Jeff Ignacio,Keystone AI / RevOps Impact,Head of GTM Operations and Growth; RevOps advisor,https://www.linkedin.com/in/jeffbethechange/,United States; city not rechecked,"Jeff’s public profile and RevOps Impact newsletter identify current GTM/revenue-operations leadership at Keystone AI and experience across sales development, marketing operations, sales operations, enablement, and customer success operations.",https://www.linkedin.com/in/jeffbethechange/ | https://revengine.substack.com/about | https://maven.com/ai-use-cases-for-gtm-and-revops/ai-and-automation-for-marketing-sales-customer-success-and-revops,Unconfirmed; professional commentary is not evidence of his or his clients' pain.,4,Senior operator/consultant with sales and GTM systems exposure; current company title should be confirmed on profile before outreach.,Not started,,,,,,,,,Not yet offered; if concrete pain emerges: 10-Record Sales Data Audit — $150 — 24 hours.,No payment as of 2026-10-04,Public 2026 sources report Keystone AI/RevOps Impact roles; verify the precise current title and location before sending.
RO-09,Sales Ops / RevOps,,Jen Igartua,Go Nimbly,CEO and founder,https://www.linkedin.com/in/jen-igartua/,"Brooklyn, New York, United States","Jen leads a RevOps agency; her public LinkedIn activity discusses customer data cleanup, normalization, integrations, and multi-vendor enrichment projects.",https://www.linkedin.com/in/jen-igartua/ | https://www.gonimbly.com/ | https://www.linkedin.com/posts/jen-igartua_sometimes-biznaz-books-get-deep-were-activity-6782292818359590913-0M09,Unconfirmed; public posts about client demand are not proof of Jen's or any specific client's pain.,4,RevOps agency founder with direct data-normalization/enrichment workflow exposure; agency scale may affect access and fit.,Not started,,,,,,,,,Not yet offered; if concrete pain emerges: 10-Record Sales Data Audit — $150 — 24 hours.,No payment as of 2026-10-04,Current CEO role and 2026 activity shown by public LinkedIn/company sources.
RO-10,Sales Ops / RevOps,,Crissy Saunders,CS2,Co-founder and CEO,https://www.linkedin.com/in/crveteresaunders/,"San Francisco Bay Area, California, United States",CS2 describes B2B go-to-market and revenue-operations consulting; public company/profile material identifies Crissy as co-founder and CEO.,https://www.linkedin.com/in/crveteresaunders/ | https://www.linkedin.com/company/cs2-marketing | https://www.cs2team.com/meet-the-team,Unconfirmed; commentary about tools and operations is not evidence of a specific buyer pain.,4,Founder of a U.S. GTM/RevOps agency with client-side operations exposure; possible direct buyer or referral source.,Not started,,,,,,,,,Not yet offered; if concrete pain emerges: 10-Record Sales Data Audit — $150 — 24 hours.,No payment as of 2026-10-04,Co-founder/CEO role and current CS2 operations material are visible in public sources indexed in 2026.
SL-01,Outbound sales leader,8,Morgan Rabas,SPOTIO,VP of Sales,https://www.linkedin.com/in/morganrabas/,"Dallas, Texas, United States","Morgan's profile describes outbound expansion, prospect lists, territory design, and lead-routing process changes in prior sales leadership roles; current profile lists VP Sales at SPOTIO.",https://www.linkedin.com/in/morganrabas/,Unconfirmed; public career history establishes workflow relevance only.,5,"Direct sales leader with explicit prospect-list, routing, and outbound experience; high role fit, no pain established.",Not started,"Your profile describes lead routing, territories, and prospect-list work. What does a team normally check before a new contact enters the outbound motion?",,,,,,,,Not yet offered; if concrete pain emerges: 10-Record Sales Data Audit — $150 — 24 hours.,No payment as of 2026-10-04,LinkedIn profile shows VP Sales at SPOTIO and prior outbound/list-routing work; recheck title before sending.
SL-02,Outbound sales leader,10,Will Morse,Fixify,VP of Sales,https://www.linkedin.com/in/will-morse4/,"Washington DC-Baltimore Area, United States",Will's profile shows current VP Sales at Fixify and prior leadership building and scaling high-volume outbound/BDR programs at GoCanvas and Stonly.,https://www.linkedin.com/in/will-morse4/,Unconfirmed; outbound leadership experience does not establish a data-quality problem.,5,Current sales executive with direct outbound-team ownership and operating experience.,Not started,You've led outbound and BDR programs. What does your team verify about a record before a rep acts on it?,,,,,,,,Not yet offered; if concrete pain emerges: 10-Record Sales Data Audit — $150 — 24 hours.,No payment as of 2026-10-04,Current VP Sales role and prior outbound program ownership appear in public profile sources indexed in 2026.
SL-03,Outbound sales leader,,Courtney Lefferts,Mindbody,Head of North American Outbound Sales (profile lists Jan 2025–present; recheck current),https://www.linkedin.com/in/courtney-lefferts-37351887/,"Scottsdale, Arizona, United States","Courtney's public profile describes building and scaling Mindbody's North American outbound organization, setting targets, optimizing process, and qualifying leads.",https://www.linkedin.com/in/courtney-lefferts-37351887/ | https://theorg.com/org/mindbody/org-chart/courtney-lefferts,Unconfirmed; role/workflow evidence is not proof of current pain or buying intent.,5,Direct owner of a North American outbound sales function; current role rechecked in 2026 indexed sources.,Not started,,,,,,,,,Not yet offered; if concrete pain emerges: 10-Record Sales Data Audit — $150 — 24 hours.,No payment as of 2026-10-04,"LinkedIn profile lists Head of NA Outbound Sales from Jan 2025–present and Scottsdale, Arizona; the latest direct role evidence found is indexed September 2025. Recheck title before outreach."
SL-04,Outbound sales leader,,Daniel Molas,Xola,VP of Sales,https://www.linkedin.com/in/danielmolas/,"Austin, Texas, United States",Public profile sources identify Daniel as VP Sales at Xola and show an extended sales-leadership background in SaaS.,https://www.linkedin.com/in/danielmolas/ | https://contactout.com/Daniel-Molas-1911010,Unconfirmed; sales leadership fit does not establish an outbound data problem.,4,Sales executive at a U.S. SaaS company; outbound workflow evidence is less explicit than higher-priority leaders.,Not started,,,,,,,,,Not yet offered; if concrete pain emerges: 10-Record Sales Data Audit — $150 — 24 hours.,No payment as of 2026-10-04,VP Sales role at Xola verified in public sources updated July 2026; recheck before sending.
SL-05,Outbound sales leader,,Dan Palay,FranConnect,VP of Sales,https://www.linkedin.com/in/dpalay/,"Vienna, Virginia, United States",Dan's profile describes building an outbound sales organization and scaling a 45-rep global team at StackPath; public sources list him as FranConnect VP Sales.,https://www.linkedin.com/in/dpalay/ | https://theorg.com/org/franconnect/teams/leadership-team,Unconfirmed; prior outbound experience is not evidence of current pain.,4,Current sales leader with documented prior outbound-team ownership; qualify whether outbound/contact data is in scope today.,Not started,,,,,,,,,Not yet offered; if concrete pain emerges: 10-Record Sales Data Audit — $150 — 24 hours.,No payment as of 2026-10-04,Current VP Sales role appears on current company leadership pages; outbound evidence is from prior role.
SL-06,Outbound sales leader,9,Will Ash,Sirion Labs,Senior Director of Sales Development,https://www.linkedin.com/in/will-ash-30a9a06b/,"Sandy, Utah, United States",Will's 2026 public profile says he leads a sales-development team at Sirion; this is direct role/workflow relevance.,https://www.linkedin.com/in/will-ash-30a9a06b/,Unconfirmed; role fit does not establish a data-quality problem.,5,Direct sales-development leader at a B2B software company; current role evidence is recent.,Not started,Your current Sirion role is sales-development leadership. What checks happen before a new prospect record is passed to reps or added to outbound?,,,,,,,,Not yet offered; if concrete pain emerges: 10-Record Sales Data Audit — $150 — 24 hours.,No payment as of 2026-10-04,"Public profile result indexed September 2026 shows current sales-development leadership at Sirion Labs and Sandy, Utah; reconfirm title at contact time."
SL-07,Outbound sales leader,,Bobby Knell,Pindrop,Director of Sales Development,https://www.linkedin.com/in/bdr-sales-director/,"Raleigh, North Carolina, United States","Bobby's profile identifies sales-development leadership at Pindrop and describes leading sales as a system across inbound/outbound flow, pipeline, and conversions.",https://www.linkedin.com/in/bdr-sales-director/,Unconfirmed; public leadership commentary is not evidence of a current pain.,5,Direct sales-development leader with process and outbound-flow responsibilities.,Not started,,,,,,,,,Not yet offered; if concrete pain emerges: 10-Record Sales Data Audit — $150 — 24 hours.,No payment as of 2026-10-04,Director role and Pindrop affiliation appear in 2026 public profile/search result; verify exact title before outreach.
SL-08,Outbound sales leader,,Kevin Reinhardt,Uniqode,VP of Sales,https://www.linkedin.com/in/kgreinhardt/,"Basking Ridge, New Jersey, United States","Kevin's profile describes owning inbound/outbound GTM, CRM setup, ICP targeting, and building outbound engines at SaaS companies; current profile lists VP Sales at Uniqode.",https://www.linkedin.com/in/kgreinhardt/ | https://theorg.com/org/uniqode-formerly-beaconstac/org-chart/kevin-reinhardt,Unconfirmed; past/current workflow descriptions do not establish pain or purchase intent.,4,"VP Sales with direct outbound and CRM-building experience; current title is not freshly verified, so reconfirm before outreach.",Not started,,,,,,,,,Not yet offered; if concrete pain emerges: 10-Record Sales Data Audit — $150 — 24 hours.,No payment as of 2026-10-04,LinkedIn profile and company-profile sources list VP Sales at Uniqode; the latest direct role evidence is dated July 2025. Recheck current title before outreach.
